Rk;Jogador;Equipe;Minutos jogados;Taxa de acerto total;Pontos de 3 convertidos;Pontos de 3 tentados;Taxa de acerto de 3 pontos;Rebotes;Assistencias;Pontos por jogo
1;Joel Embiid;PHI;33.6;.529;1.4;3.6;.388;11.0;5.6;34.7
2;Luka Dončić;DAL;37.5;.487;4.1;10.6;.382;9.2;9.8;33.9
3;Giannis Antetokounmpo;MIL;35.2;.611;0.5;1.7;.274;11.5;6.5;30.4
4;Shai Gilgeous-Alexander;OKC;34.0;.535;1.3;3.6;.353;5.5;6.2;30.1
5;Jalen Brunson;NYK;35.4;.479;2.7;6.8;.401;3.6;6.7;28.7
6;Devin Booker;PHO;36.0;.492;2.2;6.1;.364;4.5;6.9;27.1
7;Kevin Durant;PHO;37.2;.523;2.2;5.4;.413;6.6;5.0;27.1
8;Jayson Tatum;BOS;35.7;.471;3.1;8.2;.376;8.1;4.9;26.9
9;De'Aaron Fox;SAC;35.9;.465;2.9;7.8;.369;4.6;5.6;26.6
10;Donovan Mitchell;CLE;35.3;.462;3.3;9.0;.368;5.1;6.1;26.6
11;Stephen Curry;GSW;32.7;.450;4.8;11.8;.408;4.5;5.1;26.4
12;Nikola Jokić;DEN;34.6;.583;1.1;2.9;.359;12.4;9.0;26.4
13;Anthony Edwards;MIN;35.1;.461;2.4;6.7;.357;5.4;5.1;25.9
14;Tyrese Maxey;PHI;37.5;.450;3.0;8.1;.373;3.7;6.2;25.9
15;LeBron James;LAL;35.3;.540;2.1;5.1;.410;7.3;8.3;25.7
16;Trae Young;ATL;36.0;.430;3.2;8.7;.373;2.8;10.8;25.7
17;Kyrie Irving;DAL;35.0;.497;3.0;7.3;.411;5.0;5.2;25.6
18;Ja Morant;MEM;35.3;.471;1.6;5.7;.275;5.6;8.1;25.1
19;Anthony Davis;LAL;35.5;.556;0.4;1.4;.271;12.6;3.5;24.7
20;Damian Lillard;MIL;35.3;.424;3.0;8.5;.354;4.4;7.0;24.3
21;DeMar DeRozan;CHI;37.8;.480;0.9;2.8;.333;4.3;5.3;24.0
22;Julius Randle;NYK;35.4;.472;1.7;5.3;.311;9.2;5.0;24.0
23;LaMelo Ball;CHO;32.3;.433;3.2;9.0;.355;5.1;8.0;23.9
24;Desmond Bane;MEM;34.4;.464;3.3;8.6;.381;4.4;5.5;23.7
25;Kawhi Leonard;LAC;34.3;.525;2.1;4.9;.417;6.1;3.6;23.7
26;Lauri Markkanen;UTA;33.1;.480;3.2;8.0;.399;8.2;2.0;23.2
27;Jaylen Brown;BOS;33.5;.499;2.1;5.9;.354;5.5;3.6;23.0
28;Zion Williamson;NOP;31.5;.570;0.1;0.3;.333;5.8;5.0;22.9
29;Cade Cunningham;DET;33.5;.449;1.9;5.4;.355;4.3;7.5;22.7
30;Paolo Banchero;ORL;35.0;.455;1.5;4.4;.339;6.9;5.4;22.6
31;Paul George;LAC;33.8;.471;3.3;7.9;.413;5.2;3.5;22.6
32;Anfernee Simons;POR;34.4;.430;3.4;8.8;.385;3.6;5.5;22.6
33;Jaren Jackson Jr.;MEM;32.2;.444;1.8;5.5;.320;5.5;2.3;22.5
34;Dejounte Murray;ATL;35.7;.459;2.6;7.1;.363;5.3;6.4;22.5
35;Cam Thomas;BRK;31.4;.442;2.2;6.0;.364;3.2;2.9;22.5
36;Kyle Kuzma;WAS;32.6;.463;2.2;6.4;.336;6.6;4.2;22.2
37;Karl-Anthony Towns;MIN;32.7;.504;2.2;5.3;.416;8.3;3.0;21.8
38;Pascal Siakam;2TM;33.2;.536;1.1;3.1;.346;7.1;4.3;21.7
38;Pascal Siakam;TOR;34.7;.522;1.2;3.7;.317;6.3;4.9;22.2
38;Pascal Siakam;IND;31.8;.549;1.0;2.5;.386;7.8;3.7;21.3
39;Victor Wembanyama;SAS;29.7;.465;1.8;5.5;.325;10.6;3.9;21.4
40;Jamal Murray;DEN;31.5;.481;2.5;5.8;.425;4.1;6.5;21.2
41;Alperen Sengun;HOU;32.5;.537;0.5;1.8;.297;9.3;5.0;21.1
42;Miles Bridges;CHO;37.4;.462;2.3;6.5;.349;7.3;3.3;21.0
43;Jerami Grant;POR;33.9;.451;2.1;5.1;.402;3.5;2.8;21.0
44;Jimmy Butler;MIA;34.0;.499;1.0;2.4;.414;5.3;5.0;20.8
45;Tyler Herro;MIA;33.5;.441;3.1;7.9;.396;5.3;4.5;20.8
46;Brandon Ingram;NOP;32.9;.492;1.3;3.8;.355;5.1;5.7;20.8
47;RJ Barrett;2TM;31.7;.495;1.6;4.3;.360;5.4;3.3;20.2
47;RJ Barrett;NYK;29.5;.423;1.7;5.0;.331;4.3;2.4;18.2
47;RJ Barrett;TOR;33.5;.553;1.5;3.8;.392;6.4;4.1;21.8
48;Tyrese Haliburton;IND;32.2;.477;2.8;7.8;.364;3.9;10.9;20.1
49;Kristaps Porziņģis;BOS;29.6;.516;1.9;5.1;.375;7.2;2.0;20.1
50;CJ McCollum;NOP;32.7;.459;3.6;8.4;.429;4.3;4.6;20.0
51;Scottie Barnes;TOR;34.9;.475;1.7;4.9;.341;8.2;6.1;19.9
52;Terry Rozier;2TM;33.4;.443;2.4;6.7;.363;4.0;5.6;19.8
52;Terry Rozier;CHO;35.5;.459;2.8;7.7;.358;3.9;6.6;23.2
52;Terry Rozier;MIA;31.5;.423;2.1;5.7;.371;4.2;4.6;16.4
53;Franz Wagner;ORL;32.5;.482;1.3;4.6;.281;5.3;3.7;19.7
54;Mikal Bridges;BRK;34.8;.436;2.7;7.2;.372;4.5;3.6;19.6
55;Jalen Green;HOU;31.7;.423;2.5;7.4;.332;5.2;3.5;19.6
56;Zach LaVine;CHI;34.9;.452;2.4;6.8;.349;5.2;3.9;19.5
57;Devin Vassell;SAS;33.1;.472;2.4;6.6;.372;3.8;4.1;19.5
58;Domantas Sabonis;SAC;35.7;.594;0.4;1.1;.379;13.7;8.2;19.4
59;Bam Adebayo;MIA;34.0;.521;0.2;0.6;.357;10.4;3.9;19.3
60;Coby White;CHI;36.5;.447;2.6;7.0;.376;4.5;5.1;19.1
61;Jalen Williams;OKC;31.3;.540;1.5;3.4;.427;4.0;4.5;19.1
62;Collin Sexton;UTA;26.6;.487;1.6;4.2;.394;2.6;4.9;18.7
63;Bradley Beal;PHO;33.3;.513;1.9;4.4;.430;4.4;5.0;18.2
64;Darius Garland;CLE;33.4;.446;2.3;6.2;.371;2.7;6.5;18.0
65;D'Angelo Russell;LAL;32.7;.456;3.0;7.2;.415;3.1;6.3;18.0
66;Nikola Vučević;CHI;34.3;.484;1.2;4.1;.294;10.5;3.3;18.0
67;Klay Thompson;GSW;29.7;.432;3.5;9.0;.387;3.3;2.3;17.9
68;Jordan Poole;WAS;30.1;.413;2.4;7.2;.326;2.7;4.4;17.4
69;Fred VanVleet;HOU;36.8;.416;3.1;8.0;.387;3.8;8.1;17.4
70;Brandon Miller;CHO;32.2;.440;2.5;6.7;.373;4.3;2.4;17.3
71;Tobias Harris;PHI;33.8;.487;1.3;3.7;.353;6.5;3.1;17.2
72;Jordan Clarkson;UTA;30.6;.413;1.7;5.6;.294;3.4;5.0;17.1
73;Myles Turner;IND;27.0;.524;1.5;4.2;.358;6.9;1.3;17.1
74;Immanuel Quickley;2TM;29.2;.434;2.5;6.4;.395;3.8;4.9;17.0
74;Immanuel Quickley;NYK;24.0;.454;2.1;5.4;.395;2.6;2.5;15.0
74;Immanuel Quickley;TOR;33.3;.422;2.8;7.1;.395;4.8;6.8;18.6
75;Bogdan Bogdanović;ATL;30.4;.428;3.0;8.1;.374;3.4;3.1;16.9
76;Deandre Ayton;POR;32.4;.570;0.0;0.2;.100;11.1;1.6;16.7
77;Michael Porter Jr.;DEN;31.7;.484;2.7;6.8;.397;7.0;1.5;16.7
78;James Harden;LAC;34.3;.428;2.6;6.8;.381;5.1;8.5;16.6
79;Jarrett Allen;CLE;31.7;.634;0.0;0.1;.000;10.5;2.7;16.5
80;Chet Holmgren;OKC;29.4;.530;1.6;4.3;.370;7.9;2.4;16.5
81;Jonathan Kuminga;GSW;26.3;.529;0.7;2.2;.321;4.8;2.2;16.1
82;Jalen Johnson;ATL;33.7;.511;1.3;3.6;.355;8.7;3.6;16.0
83;Austin Reaves;LAL;32.1;.486;1.9;5.1;.367;4.3;5.5;15.9
84;Shaedon Sharpe;POR;33.1;.406;1.9;5.6;.333;5.0;2.9;15.9
85;Malcolm Brogdon;POR;28.7;.440;2.1;5.1;.412;3.8;5.5;15.7
86;Keldon Johnson;SAS;29.5;.454;1.8;5.3;.346;5.5;2.8;15.7
87;Evan Mobley;CLE;30.6;.580;0.4;1.2;.373;9.4;3.2;15.7
88;De'Andre Hunter;ATL;29.5;.459;2.1;5.3;.385;3.9;1.5;15.6
89;Donte DiVincenzo;NYK;29.1;.443;3.5;8.7;.401;3.7;2.7;15.5
90;Jaden Ivey;DET;28.8;.429;1.6;4.8;.336;3.4;3.8;15.4
91;Malik Monk;SAC;26.0;.443;2.1;5.9;.350;2.9;5.1;15.4
92;Kelly Oubre Jr.;PHI;30.2;.441;1.5;4.8;.311;5.0;1.5;15.4
93;Bojan Bogdanović;2TM;25.9;.454;2.3;5.9;.398;2.7;1.7;15.2
93;Bojan Bogdanović;DET;32.9;.468;3.1;7.4;.415;3.4;2.5;20.2
93;Bojan Bogdanović;NYK;19.2;.430;1.6;4.4;.370;2.0;0.9;10.4
94;Keegan Murray;SAC;33.6;.454;2.4;6.6;.358;5.5;1.7;15.2
95;Derrick White;BOS;32.6;.461;2.7;6.8;.396;4.2;5.2;15.2
96;John Collins;UTA;28.0;.532;1.3;3.4;.371;8.5;1.1;15.1
97;Khris Middleton;MIL;27.0;.493;1.7;4.5;.381;4.7;5.3;15.1
98;Trey Murphy III;NOP;29.6;.443;3.0;7.8;.380;4.9;2.2;14.8
99;OG Anunoby;2TM;34.0;.489;2.0;5.3;.382;4.2;2.1;14.7
99;OG Anunoby;TOR;33.3;.489;2.3;6.0;.374;3.9;2.7;15.1
99;OG Anunoby;NYK;34.9;.488;1.8;4.5;.394;4.4;1.5;14.1
100;Deni Avdija;WAS;30.1;.506;1.2;3.1;.374;7.2;3.8;14.7
101;GG Jackson II;MEM;25.7;.428;2.1;6.0;.357;4.1;1.2;14.6
102;Bennedict Mathurin;IND;26.1;.446;1.4;3.6;.374;4.0;2.0;14.5
103;Marcus Smart;MEM;30.3;.430;2.1;6.7;.313;2.7;4.3;14.5
104;Tim Hardaway Jr.;DAL;26.8;.402;2.7;7.6;.353;3.2;1.8;14.4
105;Dennis Schröder;2TM;31.1;.435;1.7;4.6;.375;3.0;6.1;14.0
105;Dennis Schröder;TOR;30.6;.442;1.5;4.3;.350;2.7;6.1;13.7
105;Dennis Schröder;BRK;32.0;.424;2.1;5.1;.412;3.5;6.0;14.6
106;Rudy Gobert;MIN;34.1;.661;0.0;0.0;.000;12.9;1.3;14.0
107;Scoot Henderson;POR;28.5;.385;1.4;4.3;.325;3.1;5.4;14.0
108;Caris LeVert;CLE;28.8;.421;1.6;4.9;.325;4.1;5.1;14.0
109;Aaron Gordon;DEN;31.5;.556;0.5;1.9;.290;6.5;3.5;13.9
110;Norman Powell;LAC;26.2;.486;2.2;5.1;.435;2.6;1.1;13.9
111;Jalen Duren;DET;29.1;.619;0.0;0.1;.000;11.6;2.4;13.8
112;Bobby Portis;MIL;24.5;.508;1.2;3.0;.407;7.4;1.3;13.8
113;Saddiq Bey;ATL;32.7;.416;1.8;5.7;.316;6.5;1.5;13.7
114;Jabari Smith Jr.;HOU;31.9;.454;1.8;5.0;.363;8.1;1.6;13.7
115;Gary Trent Jr.;TOR;28.1;.426;2.5;6.4;.393;2.6;1.7;13.7
116;Rui Hachimura;LAL;26.9;.537;1.4;3.4;.422;4.3;1.2;13.6
117;Grayson Allen;PHO;33.5;.499;2.7;5.9;.461;3.9;3.0;13.5
118;Naz Reid;MIN;24.2;.477;2.1;5.0;.414;5.2;1.3;13.5
119;Cameron Johnson;BRK;27.6;.446;2.4;6.1;.391;4.3;2.4;13.4
120;Corey Kispert;WAS;25.8;.486;2.3;6.0;.383;2.8;2.0;13.4
121;Andrew Wiggins;GSW;27.0;.453;1.3;3.6;.358;4.5;1.7;13.2
122;Keyonte George;UTA;27.0;.391;2.0;5.9;.334;2.8;4.4;13.0
123;P.J. Washington;2TM;30.4;.436;1.8;5.7;.320;5.6;1.9;12.9
123;P.J. Washington;CHO;29.2;.446;1.8;5.5;.324;5.3;2.2;13.6
123;P.J. Washington;DAL;32.2;.421;1.8;5.8;.314;6.2;1.5;11.7
124;Scotty Pippen Jr.;MEM;25.1;.493;1.4;3.4;.417;3.2;4.7;12.9
125;Duncan Robinson;MIA;28.0;.450;2.8;7.0;.395;2.5;2.8;12.9
126;Dillon Brooks;HOU;30.9;.428;1.8;5.1;.359;3.4;1.7;12.7
127;Mark Williams;CHO;26.7;.649;0.0;0.0;;9.7;1.2;12.7
128;Jalen Suggs;ORL;27.0;.471;2.0;5.1;.397;3.1;2.7;12.6
129;Jrue Holiday;BOS;32.8;.480;2.0;4.7;.429;5.4;4.8;12.5
130;Brook Lopez;MIL;30.5;.485;1.9;5.1;.366;5.2;1.6;12.5
131;Josh Giddey;OKC;25.1;.475;1.0;3.0;.337;6.4;4.8;12.3
132;Cam Whitmore;HOU;18.7;.454;1.7;4.7;.359;3.8;0.7;12.3
133;Harrison Barnes;SAC;29.0;.474;1.8;4.7;.387;3.0;1.2;12.2
134;Ayo Dosunmu;CHI;29.1;.501;1.6;3.9;.403;2.8;3.2;12.2
135;Javonte Green;CHI;25.6;.600;1.1;3.0;.370;7.4;0.6;12.2
136;Aaron Nesmith;IND;27.7;.496;1.9;4.6;.419;3.8;1.5;12.2
137;Max Strus;CLE;32.0;.418;2.4;6.8;.351;4.8;4.0;12.2
138;Jonas Valančiūnas;NOP;23.5;.559;0.5;1.5;.308;8.8;2.1;12.2
139;Buddy Hield;2TM;25.7;.436;2.6;6.8;.386;3.2;2.8;12.1
139;Buddy Hield;IND;25.7;.443;2.6;6.9;.384;3.2;2.7;12.0
139;Buddy Hield;PHI;25.8;.426;2.6;6.6;.389;3.2;3.0;12.2
140;Tyus Jones;WAS;29.3;.489;1.6;3.9;.414;2.7;7.3;12.0
141;Jaime Jaquez Jr.;MIA;28.2;.489;0.9;2.7;.322;3.8;2.6;11.9
142;Nic Claxton;BRK;29.8;.629;0.0;0.1;.200;9.9;2.1;11.8
143;Marvin Bagley III;2TM;21.1;.586;0.2;0.5;.391;6.2;1.1;11.7
143;Marvin Bagley III;DET;18.4;.591;0.0;0.2;.167;4.5;1.0;10.2
143;Marvin Bagley III;WAS;24.0;.581;0.3;0.7;.471;8.1;1.2;13.3
144;Ivica Zubac;LAC;26.4;.649;0.0;0.0;;9.2;1.4;11.7
145;Cole Anthony;ORL;22.4;.435;1.1;3.4;.338;3.8;2.9;11.6
146;Jeremy Sochan;SAS;29.6;.438;0.9;3.1;.308;6.4;3.4;11.6
147;Clint Capela;ATL;25.8;.571;0.0;0.0;.000;10.6;1.2;11.5
148;Mike Conley;MIN;28.9;.457;2.4;5.3;.442;2.9;5.9;11.4
149;Malik Beasley;MIL;29.6;.443;2.8;6.9;.413;3.7;1.4;11.3
150;Brandon Clarke;MEM;22.3;.559;0.2;1.0;.167;5.3;1.5;11.3
151;Zach Collins;SAS;22.1;.484;0.8;2.6;.320;5.4;2.8;11.2
152;De'Anthony Melton;PHI;26.9;.386;2.0;5.6;.360;3.7;3.0;11.1
153;Jakob Poeltl;TOR;26.4;.656;0.0;0.0;;8.6;2.5;11.1
154;Russell Westbrook;LAC;22.5;.454;0.6;2.3;.273;5.0;4.5;11.1
155;Daniel Gafford;2TM;24.5;.725;0.0;0.0;;7.6;1.6;11.0
155;Daniel Gafford;WAS;26.5;.690;0.0;0.0;;8.0;1.5;10.9
155;Daniel Gafford;DAL;21.5;.780;0.0;0.0;;6.9;1.6;11.2
156;Wendell Carter Jr.;ORL;25.6;.525;1.2;3.1;.374;6.9;1.7;11.0
157;Eric Gordon;PHO;27.8;.443;2.2;5.8;.378;1.8;2.0;11.0
158;Herbert Jones;NOP;30.5;.498;1.5;3.6;.418;3.6;2.6;11.0
159;Luke Kennard;MEM;25.6;.448;2.7;6.1;.450;2.9;3.5;11.0
160;Luguentz Dort;OKC;28.4;.438;2.0;5.0;.394;3.6;1.4;10.9
161;Jusuf Nurkić;PHO;27.3;.510;0.3;1.2;.244;11.0;4.0;10.9
162;Isaiah Stewart;DET;30.9;.487;1.5;3.8;.383;6.6;1.6;10.9
163;Moritz Wagner;ORL;17.7;.601;0.5;1.4;.330;4.3;1.2;10.9
164;Bruce Brown;2TM;27.9;.478;0.8;2.4;.323;4.2;2.9;10.8
164;Bruce Brown;IND;29.7;.475;1.0;3.1;.327;4.7;3.0;12.1
164;Bruce Brown;TOR;26.0;.481;0.6;1.9;.317;3.8;2.7;9.6
165;Jake LaRavia;MEM;23.0;.389;1.5;4.5;.340;3.7;1.7;10.8
166;Santi Aldama;MEM;26.5;.435;1.7;5.0;.349;5.8;2.3;10.7
167;Simone Fontecchio;2TM;24.9;.460;2.0;5.1;.401;3.7;1.5;10.5
167;Simone Fontecchio;UTA;23.2;.450;1.8;4.7;.391;3.5;1.5;8.9
167;Simone Fontecchio;DET;30.3;.479;2.7;6.3;.426;4.4;1.8;15.4
168;Spencer Dinwiddie;2TM;28.3;.392;1.6;4.8;.337;2.7;4.7;10.5
168;Spencer Dinwiddie;BRK;30.7;.391;1.9;5.8;.320;3.3;6.0;12.6
168;Spencer Dinwiddie;LAL;24.2;.397;1.3;3.2;.389;1.7;2.4;6.8
169;Jaden McDaniels;MIN;29.2;.489;1.2;3.5;.337;3.1;1.4;10.5
170;Alec Burks;2TM;18.4;.369;1.9;5.0;.376;2.3;1.3;10.4
170;Alec Burks;DET;21.0;.394;2.3;5.7;.401;2.6;1.6;12.6
170;Alec Burks;NYK;13.5;.307;1.1;3.6;.301;1.7;0.9;6.5
171;Dalano Banton;2TM;19.4;.404;1.1;3.7;.296;3.3;2.4;10.3
171;Dalano Banton;BOS;7.1;.373;0.1;0.7;.125;1.5;0.8;2.3
171;Dalano Banton;POR;29.2;.408;1.9;6.1;.311;4.8;3.6;16.7
172;Grant Williams;2TM;28.0;.456;1.7;4.4;.375;4.2;2.3;10.3
172;Grant Williams;DAL;26.4;.413;1.7;4.5;.376;3.6;1.7;8.1
172;Grant Williams;CHO;30.6;.503;1.6;4.3;.373;5.1;3.2;13.9
173;Obi Toppin;IND;21.1;.573;1.2;3.1;.403;3.9;1.6;10.3
174;Kevin Huerter;SAC;24.4;.443;1.9;5.3;.361;3.5;2.6;10.2
175;Reggie Jackson;DEN;22.2;.431;1.2;3.5;.359;1.9;3.8;10.2
176;T.J. McConnell;IND;18.2;.556;0.3;0.6;.409;2.7;5.5;10.2
177;Onyeka Okongwu;ATL;25.5;.611;0.4;1.3;.333;6.8;1.3;10.2
178;Kentavious Caldwell-Pope;DEN;31.6;.460;1.6;4.1;.406;2.4;2.4;10.1
179;Alex Caruso;CHI;28.7;.468;1.9;4.7;.408;3.8;3.5;10.1
180;Talen Horton-Tucker;UTA;19.8;.396;1.2;3.6;.330;2.4;3.5;10.1
181;Tre Jones;SAS;27.8;.505;0.8;2.5;.335;3.8;6.2;10.0
182;Caleb Martin;MIA;27.4;.431;1.3;3.6;.349;4.4;2.2;10.0
183;Patrick Williams;CHI;27.3;.443;1.4;3.4;.399;3.9;1.5;10.0
184;Vince Williams Jr.;MEM;27.6;.446;1.5;4.0;.378;5.6;3.4;10.0
185;Josh Richardson;MIA;25.7;.444;1.5;4.4;.347;2.8;2.4;9.9
186;Jalen Smith;IND;17.2;.592;1.0;2.4;.424;5.5;1.0;9.9
187;Gordon Hayward;2TM;24.4;.464;0.7;1.8;.411;3.5;3.1;9.8
187;Gordon Hayward;CHO;31.9;.468;0.9;2.4;.361;4.7;4.6;14.5
187;Gordon Hayward;OKC;17.2;.453;0.6;1.1;.517;2.5;1.6;5.3
188;Kelly Olynyk;2TM;22.6;.555;0.8;2.0;.387;5.3;4.4;9.8
188;Kelly Olynyk;UTA;20.4;.562;0.7;1.7;.429;5.1;4.4;8.1
188;Kelly Olynyk;TOR;26.4;.548;0.9;2.5;.338;5.6;4.6;12.7
189;Tari Eason;HOU;21.8;.466;0.8;2.3;.360;7.0;1.2;9.8
190;Nick Richards;CHO;26.3;.691;0.0;0.0;.000;8.0;0.8;9.7
191;Lonnie Walker IV;BRK;17.4;.423;1.8;4.7;.384;2.2;1.3;9.7
192;Payton Pritchard;BOS;22.3;.468;1.8;4.7;.385;3.2;3.4;9.6
193;Amen Thompson;HOU;22.4;.536;0.1;0.9;.138;6.6;2.6;9.5
194;Josh Hart;NYK;33.4;.434;1.0;3.2;.310;8.3;4.1;9.4
195;Georges Niang;CLE;22.3;.449;1.8;4.8;.376;3.4;1.2;9.4
196;Isaac Okoro;CLE;27.3;.490;1.2;3.1;.391;3.0;1.9;9.4
197;Tre Mann;2TM;24.1;.459;1.1;3.1;.373;3.6;4.0;9.3
197;Tre Mann;OKC;9.2;.500;0.6;1.5;.421;1.8;1.5;3.8
197;Tre Mann;CHO;31.0;.453;1.4;3.8;.364;4.5;5.2;11.9
198;Malaki Branham;SAS;21.3;.432;1.2;3.6;.347;2.0;2.1;9.2
199;Andrew Nembhard;IND;25.0;.498;0.9;2.5;.357;2.1;4.1;9.2
200;Chris Paul;GSW;26.4;.441;1.3;3.6;.371;3.9;6.8;9.2
201;Brandin Podziemski;GSW;26.6;.454;1.2;3.2;.385;5.8;3.7;9.2
202;Duop Reath;POR;17.9;.461;1.3;3.6;.359;3.7;1.0;9.1
203;Sam Hauser;BOS;22.0;.446;2.5;5.9;.424;3.5;1.0;9.0
204;Taurean Prince;LAL;27.0;.442;1.8;4.6;.396;2.9;1.5;8.9
205;Jabari Walker;POR;23.6;.460;0.6;1.9;.295;7.1;1.0;8.9
206;Dereck Lively II;DAL;23.5;.747;0.0;0.0;.000;6.9;1.1;8.8
207;Kevin Love;MIA;16.8;.440;1.5;4.4;.344;6.1;2.1;8.8
208;Terance Mann;LAC;25.0;.515;0.9;2.7;.348;3.4;1.6;8.8
209;Ausar Thompson;DET;25.1;.483;0.3;1.8;.186;6.4;1.9;8.8
210;Draymond Green;GSW;27.1;.497;0.9;2.3;.395;7.2;6.0;8.6
211;Al Horford;BOS;26.8;.511;1.7;4.0;.419;6.4;2.6;8.6
212;Derrick Jones Jr.;DAL;23.5;.483;1.1;3.1;.343;3.3;1.0;8.6
213;Gradey Dick;TOR;21.1;.425;1.5;4.0;.365;2.2;1.1;8.5
214;Dorian Finney-Smith;BRK;28.4;.421;1.7;4.9;.348;4.7;1.6;8.5
215;Tristan Vukcevic;WAS;15.3;.433;1.0;3.6;.278;3.6;1.3;8.5
216;Bilal Coulibaly;WAS;27.2;.435;1.0;2.9;.346;4.1;1.7;8.4
217;Andre Drummond;CHI;17.1;.556;0.0;0.0;.000;9.0;0.5;8.4
218;Miles McBride;NYK;19.5;.452;1.6;3.9;.410;1.5;1.7;8.3
219;Marcus Sasser;DET;19.0;.428;1.3;3.4;.375;1.8;3.3;8.3
220;Josh Green;DAL;26.4;.479;1.3;3.3;.385;3.2;2.3;8.2
221;Isaiah Joe;OKC;18.5;.458;1.9;4.5;.416;2.3;1.3;8.2
222;Ziaire Williams;MEM;20.4;.397;1.1;3.7;.307;3.5;1.5;8.2
223;Kyle Lowry;2TM;28.2;.432;1.6;4.2;.392;3.2;4.2;8.1
223;Kyle Lowry;MIA;28.0;.426;1.7;4.4;.385;3.5;4.0;8.2
223;Kyle Lowry;PHI;28.4;.444;1.6;3.9;.404;2.8;4.6;8.0
224;Walker Kessler;UTA;23.3;.654;0.1;0.3;.211;7.5;0.9;8.1
225;Moses Moody;GSW;17.5;.462;1.1;3.0;.360;3.0;0.9;8.1
226;Nickeil Alexander-Walker;MIN;23.4;.439;1.6;4.1;.391;2.0;2.5;8.0
227;Sam Merrill;CLE;17.5;.402;2.3;5.8;.404;2.0;1.8;8.0
228;Derrick Rose;MEM;16.6;.461;0.6;1.7;.366;1.9;3.3;8.0
229;Dario Šarić;GSW;17.2;.466;1.2;3.1;.376;4.4;2.3;8.0
230;Trayce Jackson-Davis;GSW;16.6;.702;0.0;0.0;.000;5.0;1.2;7.9
231;Dante Exum;DAL;19.8;.533;1.0;2.0;.491;2.7;2.9;7.8
232;Markelle Fultz;ORL;21.2;.472;0.1;0.4;.222;3.2;2.8;7.8
233;Isaiah Hartenstein;NYK;25.3;.644;0.0;0.0;.333;8.3;2.5;7.8
234;Jordan Hawkins;NOP;17.3;.382;1.6;4.4;.366;2.2;1.0;7.8
235;Royce O'Neale;2TM;24.7;.397;2.0;5.3;.370;4.8;2.8;7.7
235;Royce O'Neale;BRK;24.5;.388;2.0;5.4;.366;4.5;2.8;7.4
235;Royce O'Neale;PHO;25.1;.411;2.0;5.2;.376;5.2;2.7;8.1
236;RaiQuan Gray;SAS;13.0;.588;1.0;2.3;.429;2.3;2.0;7.7
237;Nikola Jović;MIA;19.5;.452;1.4;3.5;.399;4.2;2.0;7.7
238;Precious Achiuwa;2TM;21.9;.501;0.4;1.3;.268;6.6;1.3;7.6
238;Precious Achiuwa;TOR;17.5;.459;0.5;1.9;.277;5.4;1.8;7.7
238;Precious Achiuwa;NYK;24.2;.525;0.3;1.0;.260;7.2;1.1;7.6
239;Toumani Camara;POR;24.8;.450;0.8;2.5;.337;4.9;1.2;7.5
240;Cody Martin;CHO;26.9;.381;1.0;3.1;.314;3.9;3.7;7.5
241;Brice Sensabaugh;UTA;18.3;.390;1.1;3.6;.296;3.2;1.7;7.5
242;Cameron Payne;2TM;16.7;.432;1.3;3.4;.390;1.5;2.6;7.4
242;Cameron Payne;MIL;14.9;.455;1.1;2.8;.397;1.3;2.3;6.2
242;Cameron Payne;PHI;19.4;.413;1.7;4.4;.382;1.8;3.1;9.3
243;Christian Braun;DEN;20.2;.460;0.8;2.0;.384;3.7;1.6;7.3
244;Jaden Hardy;DAL;13.5;.407;1.1;3.1;.362;1.8;1.5;7.3
245;Taylor Hendricks;UTA;21.4;.450;1.3;3.5;.379;4.6;0.8;7.3
246;Paul Reed;PHI;19.4;.540;0.3;0.7;.368;6.0;1.3;7.3
247;Lamar Stevens;2TM;14.7;.450;0.4;1.2;.304;3.3;0.7;7.2
247;Lamar Stevens;BOS;6.4;.467;0.2;0.4;.375;1.6;0.4;2.8
247;Lamar Stevens;MEM;23.0;.446;0.6;2.0;.289;5.1;1.1;11.5
248;Johnny Juzang;UTA;18.6;.464;1.6;3.9;.416;1.8;1.2;7.2
249;Kevin Knox;DET;18.1;.462;1.0;3.0;.330;2.4;0.7;7.2
250;Trey Lyles;SAC;20.0;.445;1.4;3.8;.384;4.4;1.2;7.2
251;Jose Alvarado;NOP;18.4;.412;1.4;3.7;.377;2.3;2.1;7.1
252;Naji Marshall;NOP;19.0;.463;0.9;2.3;.387;3.6;1.9;7.1
253;Landry Shamet;WAS;15.8;.431;1.2;3.4;.338;1.3;1.2;7.1
254;James Wiseman;DET;17.3;.613;0.0;0.0;.000;5.3;0.9;7.1
255;Vasilije Micić;2TM;19.6;.430;0.7;2.6;.279;1.5;4.4;7.0
255;Vasilije Micić;OKC;12.0;.407;0.4;1.5;.244;0.8;2.5;3.3
255;Vasilije Micić;CHO;27.2;.437;1.1;3.6;.294;2.1;6.2;10.8
256;Jordan Nwora;2TM;13.7;.462;0.8;2.5;.336;2.9;1.2;7.0
256;Jordan Nwora;IND;10.2;.451;0.6;2.0;.306;1.8;1.0;5.2
256;Jordan Nwora;TOR;15.6;.465;1.0;2.8;.347;3.4;1.3;7.9
257;Quentin Grimes;2TM;20.1;.372;1.6;4.7;.338;2.0;1.3;7.0
257;Quentin Grimes;NYK;20.2;.395;1.7;4.7;.363;2.0;1.2;7.3
257;Quentin Grimes;DET;19.2;.214;0.7;4.7;.143;2.0;2.3;5.3
258;Javon Freeman-Liberty;TOR;18.3;.444;0.5;1.9;.238;3.2;1.8;7.0
259;Evan Fournier;2TM;18.1;.357;1.0;4.1;.254;1.8;1.5;6.9
259;Evan Fournier;NYK;13.0;.200;0.7;5.0;.133;1.3;1.0;4.0
259;Evan Fournier;DET;18.7;.373;1.1;4.0;.270;1.9;1.6;7.2
260;Gary Harris;ORL;24.0;.441;1.4;3.8;.371;1.7;1.6;6.9
261;Killian Hayes;DET;24.0;.413;0.5;1.8;.297;2.8;4.9;6.9
262;Bones Hyland;LAC;14.6;.386;1.2;3.6;.326;1.5;2.5;6.9
263;Mãozinha Pereira;MEM;17.4;.514;0.7;1.9;.385;5.3;0.3;6.9
264;Trendon Watford;BRK;13.6;.527;0.4;1.1;.397;3.1;1.3;6.9
265;Aaron Wiggins;OKC;15.7;.562;0.8;1.6;.492;2.4;1.1;6.9
266;Christian Wood;LAL;17.4;.466;0.7;2.3;.307;5.1;1.0;6.9
267;Trey Jemison;2TM;22.9;.551;0.0;0.0;;5.4;1.1;6.8
267;Trey Jemison;WAS;0.5;;0.0;0.0;;0.5;0.0;0.0
267;Trey Jemison;MEM;24.9;.551;0.0;0.0;;5.8;1.2;7.4
268;Julian Champagnie;SAS;19.8;.408;1.4;3.7;.365;2.8;1.4;6.8
269;Jonathan Isaac;ORL;15.8;.510;0.7;1.9;.375;4.5;0.5;6.8
270;Cedi Osman;SAS;17.6;.479;1.2;3.1;.389;2.5;1.7;6.8
271;Day'Ron Sharpe;BRK;15.1;.571;0.1;0.2;.267;6.4;1.4;6.8
272;Cason Wallace;OKC;20.6;.491;1.2;2.9;.419;2.3;1.5;6.8
273;Robert Williams;POR;19.8;.654;0.0;0.0;;6.3;0.8;6.8
274;Dāvis Bertāns;2TM;15.7;.393;1.8;4.7;.380;1.4;0.8;6.7
274;Dāvis Bertāns;OKC;6.1;.385;0.7;1.6;.417;0.7;0.6;2.9
274;Dāvis Bertāns;CHO;20.8;.394;2.4;6.3;.375;1.8;0.9;8.8
275;Jahmi'us Ramsey;TOR;17.3;.439;0.9;3.1;.273;3.1;1.1;6.7
276;Peyton Watson;DEN;18.6;.465;0.6;1.9;.296;3.2;1.1;6.7
277;Amir Coffey;LAC;20.9;.472;1.0;2.6;.380;2.1;1.1;6.6
278;Aaron Holiday;HOU;16.3;.446;1.1;2.8;.387;1.6;1.8;6.6
279;Dennis Smith Jr.;BRK;18.9;.435;0.6;1.9;.294;2.9;3.6;6.6
280;Chimezie Metu;2TM;16.8;.504;0.5;1.8;.298;3.8;0.9;6.5
280;Chimezie Metu;PHO;12.1;.508;0.4;1.4;.294;3.0;0.5;5.0
280;Chimezie Metu;DET;29.4;.500;0.9;3.1;.302;6.0;1.9;10.5
281;Jordan Goodwin;2TM;18.5;.369;0.7;2.5;.298;4.4;2.7;6.5
281;Jordan Goodwin;PHO;14.0;.389;0.6;2.0;.288;2.9;2.0;5.0
281;Jordan Goodwin;MEM;29.2;.349;1.1;3.6;.311;8.0;4.5;10.0
282;David Roddy;2TM;18.1;.403;0.7;2.5;.293;3.2;1.2;6.5
282;David Roddy;MEM;23.2;.402;1.0;3.3;.301;4.2;1.6;8.4
282;David Roddy;PHO;3.7;.435;0.1;0.5;.125;0.6;0.2;1.3
283;David Duke Jr.;SAS;12.8;.556;0.8;1.5;.500;2.5;1.3;6.5
284;Jeff Green;HOU;16.8;.456;0.7;2.1;.331;2.3;0.9;6.5
285;Isaiah Jackson;IND;13.1;.665;0.0;0.1;.000;4.0;0.8;6.5
286;Marcus Morris;2TM;16.7;.439;1.0;2.4;.403;2.7;0.7;6.4
286;Marcus Morris;PHI;17.2;.439;1.0;2.4;.400;2.9;0.7;6.7
286;Marcus Morris;CLE;15.0;.441;1.0;2.4;.414;2.1;0.8;5.8
287;Kyle Anderson;MIN;22.6;.460;0.1;0.6;.229;3.5;4.2;6.4
288;Chris Boucher;TOR;14.1;.507;0.6;1.9;.330;4.1;0.5;6.4
289;Jared Butler;WAS;14.2;.488;0.6;2.0;.308;1.5;3.2;6.3
290;Bruno Fernando;ATL;15.2;.583;0.0;0.1;.000;4.3;1.0;6.3
291;Daniel Theis;2TM;16.9;.532;0.4;1.2;.366;4.1;1.0;6.3
291;Daniel Theis;IND;8.0;.250;0.0;1.0;.000;0.0;0.0;2.0
291;Daniel Theis;LAC;17.1;.536;0.4;1.2;.371;4.1;1.0;6.3
292;Jaylen Nowell;2TM;16.5;.436;0.5;2.2;.207;1.8;1.5;6.2
292;Jaylen Nowell;MEM;17.3;.400;0.4;2.6;.174;1.6;1.8;5.7
292;Jaylen Nowell;DET;14.5;.522;0.5;1.5;.333;2.5;0.8;7.5
293;Patrick Beverley;2TM;20.0;.417;0.8;2.5;.337;3.3;2.9;6.2
293;Patrick Beverley;PHI;19.6;.432;0.7;2.3;.321;3.1;3.1;6.3
293;Patrick Beverley;MIL;20.9;.391;1.0;2.8;.361;3.6;2.6;6.0
294;Jae Crowder;MIL;23.1;.422;1.2;3.3;.349;3.2;1.3;6.2
295;Keon Johnson;BRK;12.2;.381;0.8;2.0;.400;1.4;0.6;6.2
296;Haywood Highsmith;MIA;20.7;.465;1.2;2.9;.396;3.2;1.1;6.1
297;Vit Krejci;ATL;24.6;.490;1.3;3.1;.412;2.4;2.3;6.1
298;Kris Murray;POR;21.7;.396;0.8;3.0;.268;3.6;1.3;6.1
299;Ben Simmons;BRK;23.9;.581;0.0;0.0;;7.9;5.7;6.1
300;Zavier Simpson;MEM;23.0;.315;0.7;2.4;.294;2.9;3.6;6.0
301;Tosan Evbuomwan;2TM;21.6;.507;0.7;1.9;.375;3.5;0.9;5.9
301;Tosan Evbuomwan;MEM;18.5;.267;0.5;2.0;.250;3.5;1.5;2.5
301;Tosan Evbuomwan;DET;22.5;.571;0.8;1.8;.417;3.5;0.8;7.0
302;Justin Champagnie;WAS;15.7;.410;0.9;3.0;.289;3.5;1.3;5.9
303;Nick Smith Jr.;CHO;14.3;.391;1.2;2.9;.432;1.4;1.2;5.9
304;Ochai Agbaji;2TM;21.0;.411;0.8;2.7;.294;2.8;1.1;5.8
304;Ochai Agbaji;UTA;19.7;.426;0.9;2.8;.331;2.5;0.9;5.4
304;Ochai Agbaji;TOR;23.6;.391;0.6;2.6;.217;3.3;1.3;6.7
305;Noah Clowney;BRK;16.1;.538;0.5;1.4;.364;3.5;0.8;5.8
306;Dyson Daniels;NOP;22.3;.447;0.7;2.2;.311;3.9;2.7;5.8
307;Danilo Gallinari;3TM;12.9;.437;0.6;1.9;.323;2.2;1.1;5.7
307;Danilo Gallinari;WAS;14.8;.435;0.8;2.5;.313;2.9;1.2;7.0
307;Danilo Gallinari;DET;15.0;.545;1.2;2.0;.583;2.3;2.0;8.7
307;Danilo Gallinari;MIL;9.1;.378;0.2;1.0;.176;1.1;0.7;2.8
308;Thomas Bryant;MIA;11.6;.577;0.1;0.6;.182;3.7;0.6;5.7
309;Torrey Craig;CHI;19.8;.430;1.1;2.9;.392;4.1;1.1;5.7
310;Larry Nance Jr.;NOP;19.9;.573;0.4;1.1;.415;5.0;1.9;5.7
311;Pat Connaughton;MIL;22.1;.435;1.1;3.1;.345;3.1;2.1;5.6
312;Craig Porter Jr.;CLE;12.7;.509;0.2;0.7;.353;2.1;2.3;5.6
313;Mitchell Robinson;NYK;24.8;.575;0.0;0.0;;8.5;0.6;5.6
314;Malachi Flynn;3TM;12.7;.418;0.8;2.4;.331;1.7;1.9;5.5
314;Malachi Flynn;TOR;15.3;.409;0.9;2.6;.350;2.1;2.4;5.1
314;Malachi Flynn;NYK;4.3;.391;0.3;0.9;.308;0.4;0.4;2.2
314;Malachi Flynn;DET;14.3;.430;1.0;3.2;.316;1.8;2.1;8.0
315;Doug McDermott;2TM;14.1;.433;1.5;3.6;.410;0.9;1.1;5.5
315;Doug McDermott;SAS;15.2;.442;1.7;3.8;.439;1.0;1.2;6.0
315;Doug McDermott;IND;11.3;.406;1.0;3.1;.321;0.6;0.7;4.2
316;Dexter Dennis;DAL;7.5;.526;0.3;2.0;.125;2.3;1.0;5.5
317;Gary Payton II;GSW;15.5;.563;0.5;1.3;.364;2.6;1.1;5.5
318;Neemias Queta;BOS;11.9;.644;0.0;0.0;;4.4;0.7;5.5
319;Ricky Council IV;PHI;9.0;.482;0.4;1.0;.375;1.4;0.5;5.4
320;Kris Dunn;UTA;18.9;.470;0.6;1.7;.369;2.9;3.8;5.4
321;Keon Ellis;SAC;17.2;.461;1.2;2.9;.417;2.2;1.5;5.4
322;Cam Reddish;LAL;20.5;.389;0.8;2.3;.336;2.1;1.0;5.4
323;Matt Ryan;NOP;13.9;.434;1.5;3.3;.451;1.4;0.6;5.4
324;Matisse Thybulle;POR;22.9;.397;1.2;3.6;.346;2.1;1.4;5.4
325;Sasha Vezenkov;SAC;12.2;.440;1.1;2.9;.375;2.3;0.5;5.4
326;Dean Wade;CLE;20.5;.414;1.5;3.7;.391;4.0;0.8;5.4
327;Darius Bazley;2TM;16.9;.600;0.2;0.9;.250;3.1;0.8;5.3
327;Darius Bazley;PHI;3.3;.000;0.0;0.0;;0.3;0.7;0.0
327;Darius Bazley;UTA;23.7;.621;0.3;1.3;.250;4.5;0.8;8.0
328;Xavier Tillman Sr.;2TM;18.0;.434;0.4;1.5;.247;3.9;1.4;5.3
328;Xavier Tillman Sr.;MEM;20.6;.408;0.4;1.6;.226;4.6;1.7;6.0
328;Xavier Tillman Sr.;BOS;13.7;.515;0.4;1.4;.286;2.7;1.0;4.0
329;Nicolas Batum;2TM;25.5;.453;1.2;3.1;.395;4.1;2.1;5.3
329;Nicolas Batum;LAC;18.0;.375;0.7;2.3;.286;2.3;1.7;2.7
329;Nicolas Batum;PHI;25.9;.456;1.2;3.1;.399;4.2;2.2;5.5
330;Luke Kornet;BOS;15.6;.700;0.0;0.0;1.000;4.1;1.1;5.3
331;Davion Mitchell;SAC;15.3;.452;0.8;2.2;.361;1.3;1.9;5.3
332;Mason Plumlee;LAC;14.7;.569;0.0;0.1;.000;5.1;1.2;5.3
333;Stanley Umude;DET;12.8;.440;1.0;2.2;.453;2.1;0.5;5.3
334;Aleksej Pokusevski;2TM;14.5;.405;0.6;2.0;.327;3.2;1.3;5.2
334;Aleksej Pokusevski;OKC;6.0;.250;0.2;1.1;.182;1.0;0.5;1.2
334;Aleksej Pokusevski;CHO;19.2;.429;0.9;2.4;.364;4.4;1.7;7.4
335;Bol Bol;PHO;10.9;.616;0.5;1.2;.423;3.2;0.4;5.2
336;Brandon Boston Jr.;LAC;10.8;.404;0.4;1.6;.269;1.6;0.4;5.2
337;Jarred Vanderbilt;LAL;20.0;.518;0.3;0.9;.296;4.8;1.2;5.2
338;Seth Curry;2TM;14.0;.392;0.9;2.5;.352;1.5;1.0;5.1
338;Seth Curry;DAL;12.7;.372;0.8;2.2;.363;1.4;0.8;4.3
338;Seth Curry;CHO;19.9;.441;1.1;3.5;.321;2.0;1.8;9.0
339;Drew Eubanks;PHO;15.6;.601;0.0;0.0;1.000;4.3;0.8;5.1
340;Bryce McGowens;CHO;14.9;.439;0.6;1.7;.333;1.7;0.9;5.1
341;Richaun Holmes;2TM;13.9;.558;0.0;0.1;.333;4.6;0.6;5.0
341;Richaun Holmes;DAL;10.3;.559;0.0;0.0;;3.4;0.7;3.4
341;Richaun Holmes;WAS;18.7;.557;0.1;0.2;.333;6.1;0.6;7.1
342;Monte Morris;2TM;14.4;.405;0.8;2.1;.386;1.7;2.1;5.0
342;Monte Morris;DET;11.3;.364;0.3;1.8;.182;2.0;1.3;4.5
342;Monte Morris;MIN;15.1;.417;0.9;2.2;.424;1.7;2.3;5.1
343;Goga Bitadze;ORL;15.4;.603;0.0;0.2;.143;4.6;1.3;5.0
344;Jevon Carter;CHI;13.9;.378;1.1;3.3;.329;0.8;1.3;5.0
345;Devonte' Graham;SAS;13.6;.352;1.1;3.6;.301;1.6;2.1;5.0
346;Isaiah Livers;DET;20.4;.345;1.0;3.3;.286;2.1;1.1;5.0
347;Kobi Simmons;TOR;16.8;.429;0.5;2.0;.250;1.8;3.0;5.0
348;D.J. Wilson;PHI;7.5;.667;1.0;1.0;1.000;1.0;1.0;5.0
349;Jalen Wilson;BRK;15.4;.425;0.6;1.7;.324;3.0;1.0;5.0
350;Jock Landale;HOU;13.6;.515;0.2;0.7;.250;3.1;1.2;4.9
351;Garrison Mathews;ATL;15.0;.456;1.3;2.9;.440;1.4;0.6;4.9
352;Jared Rhoden;DET;14.4;.500;0.7;1.8;.387;1.9;0.8;4.9
353;Kobe Bufkin;ATL;11.5;.370;0.5;2.4;.225;1.9;1.6;4.8
354;DeJon Jarreau;MEM;16.7;.340;0.4;1.4;.308;4.9;2.9;4.8
355;Eugene Omoruyi;WAS;9.1;.485;0.3;1.1;.283;2.0;0.8;4.8
356;Kenrich Williams;OKC;14.9;.468;0.8;2.0;.397;3.0;1.3;4.7
357;Kenneth Lofton Jr.;3TM;9.5;.462;0.3;1.1;.292;1.8;1.6;4.6
357;Kenneth Lofton Jr.;MEM;6.6;.378;0.2;0.7;.300;1.0;0.9;2.6
357;Kenneth Lofton Jr.;PHI;4.5;.167;0.0;1.0;.000;1.5;0.0;1.0
357;Kenneth Lofton Jr.;UTA;22.8;.600;1.0;3.0;.333;5.0;4.8;13.8
358;Anthony Black;ORL;16.9;.466;0.5;1.4;.394;2.0;1.3;4.6
359;Josh Okogie;PHO;16.0;.417;0.5;1.6;.309;2.6;1.1;4.6
360;Omer Yurtseven;UTA;11.4;.538;0.1;0.5;.208;4.3;0.6;4.6
361;Shake Milton;3TM;12.1;.405;0.4;1.3;.281;1.6;1.3;4.5
361;Shake Milton;MIN;12.9;.400;0.4;1.4;.264;1.3;1.3;4.7
361;Shake Milton;DET;15.8;.423;0.8;2.3;.333;4.5;1.5;6.8
361;Shake Milton;NYK;4.5;.444;0.2;0.3;.500;1.0;0.7;1.8
362;Delon Wright;2TM;15.8;.394;0.5;1.4;.368;1.8;2.5;4.5
362;Delon Wright;WAS;13.8;.393;0.4;1.2;.368;1.8;2.5;4.1
362;Delon Wright;MIA;20.4;.394;0.8;2.1;.367;1.9;2.6;5.4
363;A.J. Green;MIL;11.0;.423;1.2;3.0;.408;1.1;0.5;4.5
364;Kevon Looney;GSW;16.1;.597;0.0;0.0;.000;5.7;1.8;4.5
365;Taze Moore;POR;10.0;.421;0.3;1.8;.143;2.0;1.3;4.5
366;Julian Strawther;DEN;10.9;.369;0.8;2.8;.297;1.2;0.9;4.5
367;Bismack Biyombo;2TM;19.8;.565;0.0;0.0;;5.2;1.3;4.4
367;Bismack Biyombo;MEM;23.9;.563;0.0;0.0;;6.4;1.7;5.2
367;Bismack Biyombo;OKC;7.3;.583;0.0;0.0;;1.8;0.2;1.8
368;Robert Covington;2TM;16.8;.439;0.7;1.9;.339;3.3;0.8;4.4
368;Robert Covington;LAC;23.0;.333;0.7;2.7;.250;2.7;2.3;3.0
368;Robert Covington;PHI;16.1;.449;0.7;1.8;.354;3.4;0.7;4.5
369;Patrick Baldwin Jr.;WAS;13.0;.381;0.8;2.6;.320;3.2;0.8;4.4
370;Mo Bamba;PHI;13.0;.490;0.4;1.1;.391;4.2;0.7;4.4
371;Dominick Barlow;SAS;12.7;.496;0.1;0.3;.333;3.4;1.1;4.4
372;MarJon Beauchamp;MIL;12.7;.488;0.6;1.6;.400;2.1;0.6;4.4
373;Joe Ingles;ORL;17.2;.436;1.0;2.4;.435;2.1;3.0;4.4
374;Maxi Kleber;DAL;20.3;.432;0.7;2.1;.348;3.3;1.6;4.4
375;Jontay Porter;TOR;13.8;.385;0.8;2.3;.333;3.2;2.3;4.4
376;Lester Quinones;GSW;10.6;.397;0.9;2.4;.364;1.9;1.0;4.4
377;Ben Sheppard;IND;14.3;.393;0.9;2.7;.314;1.6;0.9;4.4
378;Blake Wesley;SAS;14.4;.474;0.2;0.9;.218;1.5;2.7;4.4
379;Jeff Dowtin;PHI;11.8;.556;0.8;1.6;.474;1.7;2.3;4.3
380;Jaxson Hayes;LAL;12.5;.720;0.0;0.1;.000;3.0;0.5;4.3
381;Caleb Houstan;ORL;13.8;.388;1.2;3.3;.373;1.4;0.5;4.3
382;John Konchar;MEM;21.3;.423;0.7;2.2;.317;4.7;2.0;4.3
383;Dru Smith;MIA;14.6;.455;0.8;1.9;.412;1.6;1.6;4.3
384;Thaddeus Young;2TM;13.3;.602;0.0;0.2;.143;3.1;1.7;4.2
384;Thaddeus Young;TOR;15.2;.621;0.0;0.3;.167;3.3;2.2;5.0
384;Thaddeus Young;PHO;8.9;.524;0.0;0.1;.000;2.8;0.7;2.3
385;Jacob Gilyard;2TM;17.0;.400;1.2;3.1;.405;1.1;3.3;4.2
385;Jacob Gilyard;MEM;17.7;.417;1.4;3.2;.425;1.2;3.5;4.7
385;Jacob Gilyard;BRK;11.3;.000;0.0;1.5;.000;0.8;1.5;0.0
386;Armoni Brooks;BRK;10.4;.326;1.1;3.2;.344;1.8;0.5;4.2
387;Troy Brown Jr.;2TM;14.0;.372;0.8;2.4;.333;2.4;1.0;4.2
387;Troy Brown Jr.;MIN;11.1;.441;0.8;2.3;.369;1.9;0.9;4.2
387;Troy Brown Jr.;DET;19.0;.296;0.7;2.6;.281;3.3;1.1;4.2
388;Max Christie;LAL;14.1;.427;0.6;1.8;.356;2.1;0.9;4.2
389;Ashton Hagans;POR;16.6;.408;0.4;1.3;.320;2.4;2.8;4.2
390;Danuel House Jr.;PHI;15.0;.448;0.4;1.5;.300;1.7;0.8;4.2
391;Skylar Mays;2TM;11.4;.396;0.4;1.4;.296;1.1;2.2;4.1
391;Skylar Mays;POR;17.0;.384;0.7;2.3;.286;1.8;3.6;6.3
391;Skylar Mays;LAL;4.5;.476;0.1;0.3;.400;0.4;0.6;1.3
392;Sandro Mamukelashvili;SAS;9.8;.471;0.4;1.4;.297;3.2;1.1;4.1
393;Luka Šamanić;UTA;9.4;.380;0.3;1.5;.203;2.4;0.4;4.1
394;Jae'Sean Tate;HOU;15.9;.472;0.4;1.2;.299;3.0;1.0;4.1
395;Patty Mills;2TM;13.0;.351;0.8;2.7;.276;1.1;1.1;4.0
395;Patty Mills;ATL;10.6;.373;0.7;1.8;.382;1.1;0.7;2.7
395;Patty Mills;MIA;16.4;.338;0.8;4.1;.208;1.2;1.5;5.8
396;Izaiah Brockington;NOP;3.0;.400;0.0;1.0;.000;2.0;0.0;4.0
397;Ousmane Dieng;OKC;11.1;.422;0.6;2.1;.300;1.5;1.1;4.0
398;Luka Garza;MIN;4.9;.480;0.4;1.3;.281;1.2;0.2;4.0
399;Mouhamed Gueye;ATL;12.2;.348;0.5;1.5;.333;3.7;0.7;4.0
400;Justin Holiday;DEN;14.9;.454;0.9;2.3;.404;1.2;1.2;4.0
401;Matthew Hurt;MEM;14.1;.353;0.6;2.5;.250;2.0;0.5;4.0
402;JaVale McGee;SAC;7.4;.598;0.0;0.2;.143;2.7;0.4;4.0
403;Svi Mykhailiuk;BOS;10.1;.416;1.0;2.6;.389;1.2;0.9;4.0
404;Rayan Rupert;POR;16.2;.335;0.7;2.0;.359;2.4;1.6;4.0
405;Adama Sanogo;CHI;7.3;.519;0.0;0.0;;4.0;0.0;4.0
406;Jaylin Williams;OKC;13.0;.417;0.8;2.1;.368;3.4;1.6;4.0
407;Jules Bernard;WAS;7.8;.453;0.6;1.5;.379;1.4;0.8;3.9
408;Chris Duarte;SAC;12.2;.381;0.7;2.2;.346;1.8;0.7;3.9
409;DeAndre Jordan;DEN;11.0;.624;0.0;0.0;;4.4;0.7;3.9
410;Sidy Cissoko;SAS;11.8;.485;0.1;1.0;.083;1.8;0.8;3.8
411;Anthony Gill;WAS;9.3;.469;0.2;0.8;.244;1.9;0.7;3.8
412;KJ Martin;2TM;12.4;.536;0.1;0.5;.286;2.2;0.9;3.7
412;KJ Martin;LAC;15.5;.400;0.5;2.5;.200;1.5;0.5;5.0
412;KJ Martin;PHI;12.3;.544;0.1;0.4;.304;2.2;0.9;3.7
413;Keita Bates-Diop;2TM;12.5;.434;0.4;1.3;.304;2.1;0.7;3.7
413;Keita Bates-Diop;PHO;15.3;.427;0.5;1.6;.313;2.6;0.9;4.5
413;Keita Bates-Diop;BRK;4.9;.500;0.1;0.4;.200;0.6;0.3;1.6
414;Oshae Brissett;BOS;11.5;.444;0.3;1.0;.273;2.9;0.8;3.7
415;Jamal Cain;MIA;10.0;.430;0.4;1.2;.355;1.4;0.4;3.7
416;Drew Peterson;BOS;7.7;.667;1.0;1.7;.600;0.3;0.3;3.7
417;T.J. Warren;MIN;11.4;.439;0.2;1.2;.154;2.0;0.8;3.7
418;James Bouknight;CHO;5.8;.439;0.9;2.1;.433;0.6;0.4;3.6
419;Collin Gillespie;DEN;9.4;.464;0.6;1.6;.395;0.9;1.1;3.6
420;Gui Santos;GSW;8.3;.509;0.4;1.2;.370;2.1;0.6;3.6
421;Jarace Walker;IND;10.3;.409;0.7;1.7;.400;1.9;1.2;3.6
422;Lindy Waters III;OKC;7.4;.471;1.0;2.2;.435;1.1;0.6;3.6
423;Théo Maledon;2TM;12.5;.286;0.3;1.8;.167;1.4;1.6;3.5
423;Théo Maledon;CHO;15.4;.288;0.4;2.3;.167;1.8;2.2;4.2
423;Théo Maledon;PHO;3.3;.250;0.0;0.0;;0.3;0.0;1.3
424;Onuralp Bitim;CHI;11.7;.381;0.5;1.9;.273;1.4;0.6;3.5
425;Jordan McLaughlin;MIN;11.2;.483;0.8;1.6;.472;1.3;2.0;3.5
426;Marques Bolden;2TM;11.0;.680;0.0;0.1;.000;3.1;0.4;3.4
426;Marques Bolden;MIL;1.5;;0.0;0.0;;1.0;0.0;0.0
426;Marques Bolden;CHO;13.1;.680;0.0;0.1;.000;3.6;0.4;4.1
427;Ryan Rollins;2TM;6.0;.519;0.2;0.3;.750;1.0;1.1;3.4
427;Ryan Rollins;WAS;6.6;.520;0.2;0.3;.667;1.1;1.1;4.1
427;Ryan Rollins;MIL;4.0;.500;0.3;0.3;1.000;0.7;1.0;1.0
428;Yuta Watanabe;2TM;13.6;.353;0.7;2.5;.294;1.6;0.4;3.4
428;Yuta Watanabe;PHO;13.2;.361;0.8;2.6;.320;1.6;0.3;3.6
428;Yuta Watanabe;MEM;16.4;.316;0.2;2.0;.100;1.8;1.0;2.6
429;Buddy Boeheim;DET;8.4;.310;0.8;2.5;.320;1.0;0.3;3.4
430;Moses Brown;POR;9.1;.508;0.0;0.0;;3.9;0.3;3.4
431;Wenyen Gabriel;MEM;16.2;.364;0.2;1.2;.167;5.0;0.6;3.4
432;Nassir Little;PHO;10.2;.460;0.5;1.6;.300;1.7;0.5;3.4
433;Jalen McDaniels;TOR;10.8;.344;0.2;1.4;.169;1.6;0.7;3.4
434;Jaden Springer;2TM;10.3;.399;0.2;1.0;.208;1.6;0.9;3.3
434;Jaden Springer;PHI;11.8;.390;0.3;1.2;.216;1.8;1.1;4.0
434;Jaden Springer;BOS;7.6;.433;0.1;0.6;.182;1.2;0.5;2.1
435;Charles Bassey;SAS;10.8;.725;0.0;0.1;.000;4.0;1.1;3.3
436;Micah Potter;UTA;11.6;.475;0.6;1.3;.429;2.7;0.4;3.3
437;Dwight Powell;DAL;13.3;.679;0.0;0.0;.333;3.4;1.3;3.3
438;Terquavion Smith;PHI;5.3;.391;0.8;2.2;.371;0.3;0.8;3.3
439;Garrett Temple;TOR;10.7;.372;0.4;1.5;.300;1.7;1.0;3.3
440;Tristan Thompson;CLE;11.2;.608;0.0;0.0;.000;3.6;1.0;3.3
441;Oscar Tshiebwe;IND;5.3;.500;0.0;0.0;;2.0;0.3;3.3
442;Kira Lewis Jr.;3TM;9.5;.370;0.1;1.2;.121;0.9;1.3;3.2
442;Kira Lewis Jr.;NOP;9.6;.308;0.1;1.3;.100;0.9;1.2;2.9
442;Kira Lewis Jr.;TOR;2.0;;0.0;0.0;;0.0;0.0;0.0
442;Kira Lewis Jr.;UTA;9.9;.450;0.2;1.1;.154;1.0;1.6;3.8
443;A.J. Lawson;DAL;7.4;.446;0.3;1.2;.260;1.2;0.5;3.2
444;Boban Marjanović;HOU;5.1;.529;0.0;0.1;.000;2.3;0.4;3.2
445;Zeke Nnaji;DEN;9.9;.463;0.1;0.4;.261;2.2;0.6;3.2
446;Ish Smith;CHO;17.2;.418;0.1;0.2;.500;1.8;3.4;3.2
447;JT Thor;CHO;12.4;.437;0.4;1.3;.346;2.3;0.5;3.2
448;Brandon Williams;DAL;6.6;.370;0.2;0.9;.200;0.8;1.0;3.2
449;Wesley Matthews;ATL;11.5;.351;0.7;1.9;.348;1.5;0.6;3.1
450;Dalen Terry;CHI;11.5;.439;0.3;1.3;.230;1.9;1.4;3.1
451;Gabe Vincent;LAL;19.8;.306;0.3;2.5;.107;0.8;1.9;3.1
452;Mike Muscala;3TM;11.3;.359;0.5;1.8;.292;2.4;0.7;3.0
452;Mike Muscala;WAS;14.1;.367;0.6;2.1;.275;3.1;0.9;4.0
452;Mike Muscala;DET;13.2;.341;1.0;2.6;.382;2.2;0.8;3.5
452;Mike Muscala;OKC;5.7;.364;0.1;0.7;.091;1.3;0.3;1.1
453;Johnny Davis;WAS;12.3;.403;0.3;0.8;.350;1.4;0.6;3.0
454;Saben Lee;PHO;7.7;.364;0.1;0.7;.125;1.3;1.3;3.0
455;Olivier-Maxence Prosper;DAL;8.4;.385;0.3;1.1;.289;2.0;0.6;3.0
456;Trevelin Queen;ORL;11.8;.368;0.2;1.2;.176;1.4;1.3;2.9
457;Jeremiah Robinson-Earl;NOP;8.6;.474;0.3;1.0;.333;1.9;0.5;2.9
458;Jeenathan Williams;HOU;5.9;.540;0.1;0.2;.400;1.0;0.3;2.9
459;D.J. Carton;TOR;9.0;.375;0.3;1.0;.250;1.0;0.8;2.8
460;Henri Drell;CHI;7.5;.400;0.5;1.5;.333;1.0;1.0;2.8
461;Orlando Robinson;MIA;8.4;.500;0.2;0.4;.533;2.3;0.9;2.8
462;Emoni Bates;CLE;8.9;.306;0.7;2.2;.303;0.9;0.7;2.7
463;Leaky Black;CHO;10.9;.481;0.3;0.8;.450;1.8;0.9;2.7
464;Damian Jones;CLE;6.9;.597;0.1;0.4;.214;1.6;0.4;2.7
465;Malik Williams;TOR;15.3;.265;0.1;0.7;.200;5.4;0.3;2.7
466;Timmy Allen;MEM;25.0;.261;0.0;1.4;.000;3.4;1.0;2.6
467;Moussa Diabaté;LAC;5.8;.526;0.0;0.0;;2.2;0.4;2.6
468;Otto Porter Jr.;TOR;11.6;.424;0.5;1.5;.348;1.9;0.5;2.6
469;Alex Fudge;2TM;6.7;.400;0.2;0.8;.200;0.8;0.0;2.5
469;Alex Fudge;LAL;3.5;.167;0.0;0.5;.000;0.5;0.0;1.0
469;Alex Fudge;DAL;13.0;.556;0.5;1.5;.333;1.5;0.0;5.5
470;Dylan Windler;3TM;6.4;.500;0.8;1.6;.481;0.9;0.6;2.5
470;Dylan Windler;NYK;2.3;.500;0.3;0.7;.500;0.3;0.3;1.0
470;Dylan Windler;LAL;3.5;.444;0.5;1.0;.500;0.4;0.8;1.5
470;Dylan Windler;ATL;12.2;.526;1.3;2.8;.471;2.0;0.5;4.7
471;Greg Brown III;DAL;6.7;.455;0.2;0.5;.333;1.5;0.7;2.5
472;Furkan Korkmaz;PHI;8.6;.395;0.4;1.1;.350;0.9;0.7;2.5
473;Alex Len;SAC;9.3;.617;0.0;0.1;.000;2.7;1.0;2.5
474;Markieff Morris;DAL;8.3;.338;0.6;1.6;.357;1.5;0.6;2.5
475;Harry Giles;2TM;4.3;.460;0.1;0.6;.214;1.3;0.3;2.4
475;Harry Giles;BRK;5.1;.500;0.2;0.7;.273;1.6;0.4;3.4
475;Harry Giles;LAL;2.7;.167;0.0;0.4;.000;0.6;0.0;0.3
476;AJ Griffin;ATL;8.6;.290;0.5;2.0;.256;0.9;0.3;2.4
477;Mouhamadou Gueye;TOR;10.9;.289;0.0;0.3;.000;2.1;0.5;2.4
478;Joe Harris;DET;10.6;.359;0.6;1.9;.333;0.8;0.6;2.4
479;Cory Joseph;GSW;11.4;.359;0.5;1.6;.310;1.2;1.6;2.4
480;Xavier Moon;LAC;8.5;.326;0.1;1.2;.118;1.3;1.5;2.4
481;Jamaree Bouyea;2TM;10.6;.357;0.1;1.0;.111;2.1;1.2;2.3
481;Jamaree Bouyea;POR;9.5;.238;0.0;1.3;.000;1.7;1.3;1.7
481;Jamaree Bouyea;SAS;12.7;.714;0.3;0.3;1.000;3.0;1.0;3.7
482;Amari Bailey;CHO;6.5;.333;0.1;0.8;.125;0.9;0.7;2.3
483;Isaiah Mobley;CLE;7.2;.417;0.3;1.0;.300;1.0;0.6;2.3
484;Chuma Okeke;ORL;9.2;.357;0.5;1.7;.280;1.7;0.4;2.3
485;Olivier Sarr;OKC;6.5;.579;0.1;0.4;.333;2.4;0.1;2.3
486;Dereon Seabron;NOP;9.2;.308;0.2;0.3;.500;1.2;0.8;2.3
487;Cole Swider;MIA;4.8;.395;0.6;1.7;.333;0.4;0.3;2.3
488;Udoka Azubuike;PHO;7.1;.696;0.0;0.0;;2.0;0.2;2.2
489;Reggie Bullock;HOU;9.5;.415;0.6;1.5;.403;1.7;0.3;2.2
490;Trent Forrest;ATL;10.9;.378;0.1;0.3;.200;1.3;2.4;2.2
491;Nate Hinton;HOU;5.0;.423;0.5;0.9;.500;1.5;0.7;2.2
492;Andre Jackson Jr.;MIL;10.0;.500;0.3;0.8;.370;2.0;0.9;2.2
493;Julian Phillips;CHI;8.1;.416;0.3;1.0;.316;0.9;0.3;2.2
494;Ish Wainright;2TM;5.6;.292;0.6;1.8;.350;1.3;0.1;2.1
494;Ish Wainright;POR;6.6;.333;0.9;2.3;.375;1.3;0.0;2.9
494;Ish Wainright;PHO;4.0;.167;0.3;1.0;.250;1.3;0.3;0.8
495;Colby Jones;SAC;6.4;.394;0.1;0.7;.091;1.3;0.7;2.1
496;Mamadi Diakite;2TM;4.0;.667;0.0;0.2;.000;0.7;0.3;2.0
496;Mamadi Diakite;SAS;5.3;.800;0.0;0.0;;1.0;0.7;4.0
496;Mamadi Diakite;NYK;2.7;.000;0.0;0.3;.000;0.3;0.0;0.0
497;Kobe Brown;LAC;9.0;.411;0.3;1.1;.292;1.4;0.6;2.0
498;JD Davison;BOS;4.9;.417;0.4;0.9;.429;1.3;1.3;2.0
499;Jordan Ford;SAC;3.7;.571;0.3;0.5;.667;0.3;0.3;2.0
500;Kevon Harris;ORL;3.0;.667;0.0;0.0;;1.0;0.5;2.0
501;D'Moi Hodge;LAL;5.9;.333;0.4;1.7;.250;0.0;0.7;2.0
502;Ty Jerome;CLE;7.5;.500;0.0;0.5;.000;0.5;1.5;2.0
503;Markquis Nowell;TOR;4.0;.000;0.0;0.0;;2.0;2.0;2.0
504;Jericho Sims;NYK;13.0;.691;0.0;0.0;;3.3;0.6;2.0
505;Lindell Wigginton;MIL;2.7;.400;0.0;0.7;.000;0.0;0.0;2.0
506;Isaiah Wong;IND;4.0;.333;0.0;1.0;.000;0.0;0.0;2.0
507;Justin Minaya;POR;11.2;.297;0.4;1.4;.245;1.6;0.6;1.8
508;Daishen Nix;MIN;3.3;.375;0.4;1.1;.353;0.2;0.4;1.8
509;Cody Zeller;NOP;7.4;.419;0.0;0.1;.333;2.6;0.9;1.8
510;Taj Gibson;2TM;10.2;.405;0.1;0.5;.200;1.9;0.6;1.7
510;Taj Gibson;NYK;10.3;.304;0.0;0.4;.000;1.8;0.6;1.0
510;Taj Gibson;DET;9.8;.571;0.5;1.0;.500;2.3;0.5;4.5
511;P.J. Tucker;2TM;15.7;.360;0.4;1.1;.371;2.7;0.5;1.7
511;P.J. Tucker;PHI;22.0;.400;0.7;1.7;.400;4.7;0.0;2.0
511;P.J. Tucker;LAC;15.0;.356;0.4;1.1;.367;2.5;0.6;1.6
512;Kessler Edwards;SAC;5.1;.415;0.4;1.0;.385;0.8;0.3;1.7
513;Leonard Miller;MIN;3.1;.650;0.1;0.3;.400;1.2;0.5;1.7
514;Jason Preston;UTA;10.1;.316;0.0;0.4;.000;2.4;2.3;1.7
515;Jordan Walsh;BOS;9.2;.400;0.2;1.0;.222;2.2;0.6;1.7
516;Jalen Hood-Schifino;LAL;5.2;.222;0.1;0.7;.133;0.6;0.4;1.6
517;Jett Howard;ORL;3.7;.333;0.4;1.4;.280;0.4;0.3;1.6
518;Seth Lundy;ATL;5.8;.235;0.3;1.4;.231;0.8;0.0;1.6
519;Jordan Miller;LAC;3.5;.556;0.1;0.3;.500;0.6;0.0;1.6
520;Josh Minott;MIN;2.8;.472;0.1;0.3;.400;0.5;0.3;1.6
521;Jalen Pickett;DEN;4.5;.429;0.3;0.9;.360;0.5;0.8;1.6
522;Ibou Badji;POR;10.3;.636;0.0;0.0;;2.3;0.6;1.5
523;Colin Castleton;LAL;3.7;.563;0.0;0.0;;0.8;0.2;1.5
524;Adam Flagler;OKC;7.0;.143;0.5;3.0;.167;0.0;2.0;1.5
525;Terry Taylor;CHI;6.1;.513;0.1;0.3;.222;1.2;0.3;1.5
526;Dariq Whitehead;BRK;12.0;.200;0.0;1.5;.000;2.0;1.5;1.5
527;Jack White;MEM;16.0;.125;0.5;2.5;.200;3.0;0.3;1.5
528;Kendall Brown;IND;4.2;.533;0.0;0.1;.000;0.3;0.3;1.4
529;Mason Jones;SAC;5.6;.250;0.4;1.4;.286;1.0;1.0;1.4
530;Jerome Robinson;GSW;3.7;.333;0.1;0.8;.118;0.3;0.2;1.4
531;Jermaine Samuels;HOU;4.3;.643;0.0;0.1;.000;0.9;0.2;1.4
532;Jacob Toppin;NYK;4.2;.556;0.1;0.4;.250;0.8;0.3;1.4
533;R.J. Hampton;MIA;9.5;.286;0.1;1.0;.125;0.8;1.0;1.3
534;Nathan Mensah;CHO;12.3;.429;0.0;0.0;;2.6;0.4;1.3
535;Isaiah Thomas;PHO;3.2;.300;0.3;0.7;.500;0.0;0.5;1.3
536;TyTy Washington Jr.;MIL;5.1;.300;0.2;0.5;.333;0.5;0.5;1.3
537;Jay Huff;DEN;2.5;.600;0.2;0.5;.333;0.6;0.1;1.2
538;Keyontae Johnson;OKC;7.3;.313;0.1;0.3;.333;1.1;0.4;1.2
539;Chris Livingston;MIL;4.3;.500;0.0;0.2;.200;1.0;0.2;1.2
540;Braxton Key;DEN;3.0;.412;0.1;0.3;.400;0.9;0.5;1.1
541;Robin Lopez;MIL;4.1;.368;0.1;0.5;.250;0.3;0.3;1.1
542;Admiral Schofield;ORL;3.7;.385;0.3;0.7;.375;0.7;0.3;1.1
543;Hunter Tyson;DEN;2.7;.400;0.2;0.8;.286;0.5;0.1;1.1
544;Filip Petrušev;2TM;3.3;.500;0.0;0.0;;0.3;0.0;1.0
544;Filip Petrušev;PHI;3.0;;0.0;0.0;;1.0;0.0;0.0
544;Filip Petrušev;SAC;3.5;.500;0.0;0.0;;0.0;0.0;1.5
545;Hamidou Diallo;WAS;2.5;.500;0.0;0.0;;1.0;0.5;1.0
546;Frank Ntilikina;CHO;8.6;.111;0.2;1.6;.125;1.2;0.8;1.0
547;Joshua Primo;LAC;5.0;.333;0.0;0.5;.000;0.5;0.0;1.0
548;Thanasis Antetokounmpo;MIL;4.6;.533;0.0;0.0;.000;0.4;0.5;0.9
549;James Johnson;IND;5.2;.300;0.0;0.2;.000;0.4;0.9;0.9
550;Charlie Brown Jr.;NYK;4.6;.200;0.3;0.9;.286;0.3;0.0;0.8
551;DaQuan Jeffries;NYK;2.7;.353;0.1;0.6;.200;0.3;0.3;0.8
552;Shaquille Harrison;MEM;2.0;.500;0.0;0.0;;0.7;0.0;0.7
553;Quenton Jackson;IND;3.7;.000;0.0;0.0;;1.3;0.7;0.7
554;Wendell Moore Jr.;MIN;3.0;.500;0.0;0.2;.000;0.5;0.2;0.7
555;Jalen Slawson;SAC;3.1;.667;0.0;0.2;.000;0.6;0.2;0.7
556;Pat Spencer;GSW;4.3;.500;0.0;0.3;.000;0.7;0.8;0.7
557;Alondes Williams;MIA;2.3;.250;0.0;0.6;.000;0.1;0.0;0.7
558;Juan Toscano-Anderson;SAC;4.8;.250;0.1;0.4;.250;1.3;0.4;0.6
559;Usman Garuba;GSW;3.0;.167;0.0;0.2;.000;1.2;0.2;0.5
560;E.J. Liddell;NOP;2.9;.167;0.0;0.6;.000;0.6;0.1;0.5
561;Pete Nance;CLE;3.4;.167;0.1;0.1;1.000;0.4;0.0;0.4
562;Maxwell Lewis;LAL;3.0;.190;0.0;0.3;.111;0.1;0.2;0.3
563;Ryan Arcidiacono;NYK;2.3;.000;0.0;0.3;.000;0.4;0.2;0.0
564;Malcolm Cazalon;DET;3.0;;0.0;0.0;;0.0;0.0;0.0
565;Jalen Crutcher;NOP;3.0;.000;0.0;0.0;;0.0;0.0;0.0
566;Andrew Funk;CHI;2.6;.000;0.0;0.6;.000;0.0;0.0;0.0
567;Kaiser Gates;NOP;7.0;.000;0.0;2.0;.000;1.0;0.0;0.0
568;Danny Green;PHI;9.0;.000;0.0;0.5;.000;1.0;0.5;0.0
569;Ron Harper Jr.;TOR;4.0;;0.0;0.0;;0.0;1.0;0.0
570;Justin Jackson;MIN;0.5;;0.0;0.0;;0.0;0.0;0.0
571;Dmytro Skapintsev;NYK;1.0;.000;0.0;0.0;;0.0;0.0;0.0
572;Javonte Smart;PHI;1.0;;0.0;0.0;;0.0;0.0;0.0
